PAC,"7zip","File archiver for extremely high compression"
PAC,"aerc","Email Client for your Terminal"
PAC,"alsa-utils","Advanced Linux Sound Architecture - Utilities"
PAC,"ansible","Official assortment of Ansible collections"
PAC,"antiword","A free MS Word reader for Linux and RISC OS"
PAC,"arandr","Provide a simple visual front end for XRandR 1.2."
PAC,"archlinux-keyring","Arch Linux PGP keyring"
PAC,"asciiquarium","An aquarium/sea animation in ASCII art"
PAC,"aspell-de","German dictionary for aspell"
PAC,"aspell-en","English dictionary for aspell"
PAC,"at","AT and batch delayed command scheduling utility and daemon"
PAC,"atool","A script for managing file archives of various types"
PAC,"atop","A system and process level monitor"
PAC,"autoconf","A GNU tool for automatically configuring source code"
PAC,"automake","A GNU tool for automatically creating Makefiles"
PAC,"baresip","portable and modular SIP User-Agent with audio and video support"
PAC,"base","Minimal package set to define a basic Arch Linux installation"
PAC,"base-devel","Basic tools to build Arch Linux packages"
PAC,"bashtop","Linux resource monitor"
PAC,"bat","Cat clone with syntax highlighting and git integration"
PAC,"bc","An arbitrary precision calculator language"
PAC,"bind","A complete, highly portable implementation of the DNS protocol"
PAC,"binutils","A set of programs to assemble and manipulate binary and object files"
PAC,"bison","The GNU general-purpose parser generator"
PAC,"bluetui","TUI for managing bluetooth devices"
PAC,"bluez","Daemons for the bluetooth protocol stack"
PAC,"bluez-utils","Development and debugging utilities for the bluetooth protocol stack"
PAC,"brightnessctl","Lightweight brightness control tool"
PAC,"calf","LV2 plug-in suite and standalone Jack host"
PAC,"calibre","Ebook management application"
PAC,"catdoc","A convertor for Microsoft Word, Excel, PowerPoint and RTF Files to text"
PAC,"chafa","Image-to-text converter supporting a wide range of symbols and palettes, transparency, animations, etc."
PAC,"chezmoi","Manage your dotfiles across multiple machines"
PAC,"cliphist","wayland clipboard manager"
PAC,"convmv","Tool for converting encodings on filesystems"
PAC,"cups","OpenPrinting CUPS - daemon package"
PAC,"cups-browsed","a helper daemon to browse the network for remote CUPS queues and IPP network printers"
PAC,"curlftpfs","A filesystem for acessing FTP hosts based on FUSE and libcurl."
PAC,"cython","C-Extensions for Python"
PAC,"digikam","An advanced digital photo management application"
PAC,"direnv","A shell extension that manages your environment"
PAC,"distrobox","Use any linux distribution inside your terminal."
PAC,"dnsmasq","Lightweight, easy to configure DNS forwarder and DHCP server"
PAC,"dolphin","KDE File Manager"
PAC,"dosfstools","DOS filesystem utilities"
PAC,"dunst","Customizable and lightweight notification-daemon"
PAC,"dvdbackup","Tool to rip video DVDs from the command line"
PAC,"dysk","Get information on your mounted filesystems"
PAC,"easyeffects","Audio Effects for Pipewire applications"
PAC,"efibootmgr","Linux user-space application to modify the EFI Boot Manager"
PAC,"elinks","Advanced feature-rich text-mode web browser"
PAC,"exfat-utils","Utilities for exFAT file system"
PAC,"fakeroot","Tool for simulating superuser privileges"
PAC,"fastfetch","A feature-rich and performance oriented neofetch like system information tool"
PAC,"fd","Simple, fast and user-friendly alternative to find"
PAC,"ffmpeg","Complete solution to record, convert and stream audio and video"
PAC,"figlet","A program for making large letters out of ordinary text"
PAC,"file","File type identification utility"
PAC,"filezilla","Fast and reliable FTP, FTPS and SFTP client"
PAC,"findutils","GNU utilities to locate files"
PAC,"firefox","Fast, Private & Safe Web Browser"
PAC,"flex","A tool for generating text-scanning programs"
PAC,"font-manager","A simple font management application for GTK+ Desktop Environments"
PAC,"foot","Fast, lightweight, and minimalistic Wayland terminal emulator"
PAC,"foot-terminfo","Extra non-standard terminfo files for foot, a Wayland terminal emulator"
PAC,"freecad","Feature based parametric 3D CAD modeler"
PAC,"fuzzel","Application launcher for wlroots based Wayland compositors"
PAC,"fzf","Command-line fuzzy finder"
PAC,"gawk","GNU version of awk"
PAC,"gcc","The GNU Compiler Collection - C and C++ frontends"
PAC,"gettext","GNU internationalization library"
PAC,"ghostty","Fast, native, feature-rich terminal emulator pushing modern features"
PAC,"gimp","GNU Image Manipulation Program"
PAC,"git","the fast distributed version control system"
PAC,"git-annex","Manage files with git, without checking their contents into git"
PAC,"git-crypt","Transparent file encryption in Git"
PAC,"gnome-console","A simple user-friendly terminal emulator for the GNOME desktop"
PAC,"gnome-keyring","Stores passwords and encryption keys"
PAC,"gnu-netcat","GNU rewrite of netcat, the network piping application"
PAC,"gparted","A Partition Magic clone, frontend to GNU Parted"
PAC,"graphicsmagick","Image processing system"
PAC,"grep","A string search utility"
PAC,"grim","Screenshot utility for Wayland"
PAC,"groff","GNU troff text-formatting system"
PAC,"grub","GNU GRand Unified Bootloader (2)"
PAC,"gthumb","Image browser and viewer for the GNOME Desktop"
PAC,"gvfs","Virtual filesystem implementation for GIO"
PAC,"gvfs-dnssd","Virtual filesystem implementation for GIO - DNS-SD and WebDAV backend (macOS file sharing)"
PAC,"gvfs-smb","Virtual filesystem implementation for GIO - SMB/CIFS backend (Windows file sharing)"
PAC,"gzip","GNU compression utility"
PAC,"handbrake","Multithreaded video transcoder"
PAC,"handbrake-cli","Multithreaded video transcoder (CLI)"
PAC,"haproxy","Reliable, high performance TCP/HTTP load balancer"
PAC,"htop","Interactive process viewer"
PAC,"hwinfo","Hardware detection tool from openSUSE"
PAC,"hyprpicker","A wlroots-compatible Wayland color picker that does not suck"
PAC,"imagemagick","An image viewing/manipulation program"
PAC,"imv","Image viewer for Wayland and X11"
PAC,"inkscape","Professional vector graphics editor"
PAC,"inotify-tools","inotify-tools is a C library and a set of command-line programs for Linux providing a simple interface to inotify."
PAC,"intel-ucode","Microcode update files for Intel CPUs"
PAC,"intltool","The internationalization tool collection"
PAC,"kcolorchooser","Color Chooser"
PAC,"kdiff3","A file comparator/merge tool"
PAC,"kimageannotator","Tool for annotating images"
PAC,"krename","A very powerful batch file renamer"
PAC,"krusader","Advanced twin panel (commander style) file manager"
PAC,"labwc","stacking wayland compositor with look and feel from openbox"
PAC,"lazygit","Simple terminal UI for git commands"
PAC,"lib32-libglvnd","The GL Vendor-Neutral Dispatch library"
PAC,"lib32-libx11","X11 client-side library (32-bit)"
PAC,"libdvdcss","Portable abstraction library for DVD decryption"
PAC,"libnotify","Library for sending desktop notifications"
PAC,"libreoffice-still-de","German language pack for LibreOffice still"
PAC,"libtool","A generic library support script"
PAC,"libvirt","API for controlling virtualization engines (openvz,kvm,qemu,virtualbox,xen,etc)"
PAC,"linux","The Linux kernel and modules"
PAC,"linux-firmware","Firmware files for Linux - Default set"
PAC,"linux-headers","Headers and scripts for building modules for the Linux kernel"
PAC,"linux-lts","The LTS Linux kernel and modules"
PAC,"linux-lts-headers","Headers and scripts for building modules for the LTS Linux kernel"
PAC,"linux-zen","The Linux ZEN kernel and modules"
PAC,"linux-zen-headers","Headers and scripts for building modules for the Linux ZEN kernel"
PAC,"lnav","A curses-based tool for viewing and analyzing log files"
PAC,"lsb-release","LSB version query program"
PAC,"lsp-plugins-lv2","Collection of open-source plugins - LV2"
PAC,"luarocks","Deployment and management system for Lua modules"
PAC,"lvm2","Logical Volume Manager 2 utilities"
PAC,"lynx","A text browser for the World Wide Web"
PAC,"m4","The GNU macro processor"
PAC,"magic-wormhole","Securely transfer data between computers"
PAC,"make","GNU make utility to maintain groups of programs"
PAC,"man-db","A utility for reading man pages"
PAC,"man-pages","Linux man pages"
PAC,"mc","A file manager that emulates Norton Commander"
PAC,"mediainfo","Supplies technical and tag information about media files (CLI interface)"
PAC,"meld","Compare files, directories and working copies"
PAC,"mesa-utils","Essential Mesa utilities"
PAC,"moreutils","A growing collection of the unix tools that nobody thought to write thirty years ago"
PAC,"mosh","Mobile shell, surviving disconnects with local echo and line editing"
PAC,"mpv","a free, open source, and cross-platform media player"
PAC,"nano","Pico editor clone with enhancements"
PAC,"nautilus","Default file manager for GNOME"
PAC,"ncdu","Disk usage analyzer with an ncurses interface"
PAC,"neovim","Fork of Vim aiming to improve user experience, plugins, and GUIs"
PAC,"netscanner","Network scanner"
PAC,"network-manager-applet","Applet for managing network connections"
PAC,"networkmanager","Network connection manager and user applications"
PAC,"nfs-utils","Support programs for Network File Systems"
PAC,"nginx","Lightweight HTTP server and IMAP/POP3 proxy server"
PAC,"npm","JavaScript package manager"
PAC,"nss-mdns","glibc plugin providing host name resolution via mDNS"
PAC,"ntp","Network Time Protocol reference implementation"
PAC,"obs-studio","Free, open source software for live streaming and recording"
PAC,"opensmtpd","Free implementation of the server-side SMTP protocol"
PAC,"openssh","SSH protocol implementation for remote login, command execution and file transfer"
PAC,"os-prober","Utility to detect other OSes on a set of drives"
PAC,"pacman","A library-based package manager with dependency support"
PAC,"pacman-contrib","Contributed scripts and tools for pacman systems"
PAC,"pamixer","Pulseaudio command-line mixer like amixer"
PAC,"pandoc-cli","Conversion between documentation formats"
PAC,"patch","A utility to apply patch files to original sources"
PAC,"pdfarranger","Helps merge or split PDF documents and rotate, crop and rearrange pages"
PAC,"perf","Linux kernel performance auditing tool"
PAC,"perl-image-exiftool","Reader and rewriter of EXIF information that supports raw files"
PAC,"pigz","Parallel implementation of the gzip file compressor"
PAC,"pipewire","Low-latency audio/video router and processor"
PAC,"pipewire-pulse","Low-latency audio/video router and processor - PulseAudio replacement"
PAC,"pkgconf","Package compiler and linker metadata toolkit"
PAC,"podman","Tool and library for running OCI-based containers in pods"
PAC,"polkit-gnome","Legacy polkit authentication agent for GNOME"
PAC,"poppler","PDF rendering library based on xpdf 3.0"
PAC,"pulsemixer","CLI and curses mixer for pulseaudio"
PAC,"python-adblock","Brave's adblock library in Python"
PAC,"python-mutagen","An audio metadata tag reader and writer (python library)"
PAC,"python-pipx","Install and Run Python Applications in Isolated Environments"
PAC,"python-pynvim","Python client for Neovim"
PAC,"qalculate-gtk","GTK frontend for libqalculate"
PAC,"qemu-full","A full QEMU setup"
PAC,"qpwgraph","PipeWire Graph Qt GUI Interface"
PAC,"qt5-wayland","Provides APIs for Wayland"
PAC,"qt6-wayland","Provides APIs for Wayland"
PAC,"qutebrowser","A keyboard-driven, vim-like browser based on Python and Qt"
PAC,"recoll","Full text search tool based on Xapian backend"
PAC,"reflector","A Python 3 module and script to retrieve and filter the latest Pacman mirror list."
PAC,"remmina","Remote desktop client written in GTK+"
PAC,"ripgrep","A search tool that combines the usability of ag with the raw speed of grep"
PAC,"ripgrep-all","rga: ripgrep, but also search in PDFs, E-Books, Office documents, zip, tar.gz, etc."
PAC,"rsync","A fast and versatile file copying tool for remote and local files"
PAC,"rust","Systems programming language focused on safety, speed and concurrency"
PAC,"rxvt-unicode","Unicode enabled rxvt-clone terminal emulator (urxvt)"
PAC,"s-tui","Terminal UI stress test and monitoring tool"
PAC,"s3cmd","A command line client for Amazon S3"
PAC,"samba","SMB Fileserver and AD Domain server"
PAC,"sane","Scanner Access Now Easy"
PAC,"sane-airscan","SANE - SANE backend for AirScan (eSCL) and WSD document scanners"
PAC,"sbcl","Steel Bank Common Lisp"
PAC,"sed","GNU stream editor"
PAC,"signal-desktop","Signal Private Messenger for Linux"
PAC,"slurp","Select a region in a Wayland compositor"
PAC,"socat","Multipurpose relay"
PAC,"solaar","Linux device manager for a wide range of Logitech devices"
PAC,"spotify-player","A command driven spotify player"
PAC,"stress","A tool that stress tests your system (CPU, memory, I/O, disks)"
PAC,"sudo","Give certain users the ability to run some commands as root"
PAC,"swappy","A Wayland native snapshot editing tool"
PAC,"sway","Tiling Wayland compositor and replacement for the i3 window manager"
PAC,"swayidle","Idle management daemon for Wayland"
PAC,"swaylock","Screen locker for Wayland"
PAC,"tcpdump","Powerful command-line packet analyzer"
PAC,"tealdeer","A fast tldr client in Rust"
PAC,"tecla","Keyboard layout viewer"
PAC,"texinfo","GNU documentation system for on-line information and printed output"
PAC,"thunar","Modern, fast and easy-to-use file manager for Xfce"
PAC,"thunar-archive-plugin","Adds archive operations to the Thunar file context menus"
PAC,"thunderbird","Standalone mail and news reader from mozilla.org"
PAC,"tigervnc","Suite of VNC servers and clients based on the VNC 4 branch of TightVNC"
PAC,"timeshift","A system restore utility for Linux"
PAC,"tmux","Terminal multiplexer"
PAC,"transmission-cli","Fast, easy, and free BitTorrent client (CLI tools, daemon and web client)"
PAC,"trash-cli","Command line trashcan (recycle bin) interface"
PAC,"ttf-liberation","Font family which aims at metric compatibility with Arial, Times New Roman, and Courier New"
PAC,"ttf-linux-libertine","Serif (Libertine) and Sans Serif (Biolinum) OpenType fonts with large Unicode coverage"
PAC,"ttf-noto-nerd","Patched font Noto from nerd fonts library"
PAC,"ttyper","Terminal-based typing test"
PAC,"tumbler","Thumbnail service implementing the thumbnail management D-Bus specification"
PAC,"udiskie","Removable disk automounter using udisks"
PAC,"udisks2","Daemon, tools and libraries to access and manipulate disks, storage devices and technologies"
PAC,"ufw","Uncomplicated and easy to use CLI tool for managing a netfilter firewall"
PAC,"unclutter","A small program for hiding the mouse cursor"
PAC,"unison","File-synchronization tool"
PAC,"unrar","The RAR uncompression program"
PAC,"unrtf","Command-line program which converts RTF documents to other formats"
PAC,"unzip","For extracting and viewing files in .zip archives"
PAC,"usbutils","A collection of USB tools to query connected USB devices"
PAC,"vault","A tool for managing secrets"
PAC,"vim","Vi Improved, a highly configurable, improved version of the vi text editor"
PAC,"virt-install","Command line tool for creating new KVM , Xen, or Linux container guests using the libvirt hypervisor"
PAC,"virt-manager","Desktop user interface for managing virtual machines"
PAC,"vlc","Free and open source cross-platform multimedia player and framework"
PAC,"vlc-plugins-all","Free and open source cross-platform multimedia player and framework - all plugins"
PAC,"waybar","Highly customizable Wayland bar for Sway and Wlroots based compositors"
PAC,"wayvnc","VNC server for wlroots-based Wayland compositors"
PAC,"wev","A tool for debugging wayland events on a Wayland window, analagous to the X11 tool xev"
PAC,"wget","Network utility to retrieve files from the web"
PAC,"which","A utility to show the full path of commands"
PAC,"wikiman","Offline search engine for manual pages, Arch Wiki, Gentoo Wiki and other documentation"
PAC,"wireguard-tools","next generation secure network tunnel - tools for configuration"
PAC,"wiremix","A simple TUI audio mixer for PipeWire"
PAC,"wlr-randr","Utility to manage outputs of a Wayland compositor"
PAC,"wmenu","Efficient dynamic menu for Wayland and wlroots based Wayland compositors"
PAC,"wtype","xdotool type for wayland"
PAC,"xarchiver","GTK+ frontend to various command line archivers"
PAC,"xclip","Command line interface to the X11 clipboard"
PAC,"xdg-desktop-portal-wlr","xdg-desktop-portal backend for wlroots"
PAC,"xdotool","Command-line X11 automation tool"
PAC,"xf86-video-intel","X.org Intel i810/i830/i915/945G/G965+ video drivers"
PAC,"xorg-server","Xorg X server"
PAC,"xorg-xbacklight","RandR-based backlight control application"
PAC,"xorg-xdpyinfo","Display information utility for X"
PAC,"xorg-xev","Print contents of X events"
PAC,"xorg-xhost","Server access control program for X"
PAC,"xorg-xinit","X.Org initialisation program"
PAC,"xorg-xlsclients","List client applications running on a display"
PAC,"xorg-xprop","Property displayer for X"
PAC,"xorg-xwayland","run X clients under wayland"
PAC,"xorg-xwininfo","Command-line utility to print information about windows on an X server"
PAC,"xpra","multi-platform screen and application forwarding system screen for X11"
PAC,"yazi","Blazing fast terminal file manager written in Rust, based on async I/O"
PAC,"ydotool","Generic command-line automation tool (no X!)"
PAC,"zathura","Minimalistic document viewer"
PAC,"zathura-pdf-mupdf","PDF support for Zathura (MuPDF backend) (Supports PDF, ePub, and OpenXPS)"
PAC,"zoxide","A smarter cd command for your terminal"
PAC,"zsh","A very advanced and programmable command interpreter (shell) for UNIX"
AUR,"acdcontrol-git","Apple Cinema Display Control Utility for Linux"
AUR,"alarm-clock-applet","A fully-featured alarm clock for use with an AppIndicator implementation."
AUR,"asdf-vm","Extendable version manager with support for Ruby, Node.js, Elixir, Erlang & more"
AUR,"backintime","Simple backup system inspired from the Flyback Project and TimeVault. Qt5 GUI version."
AUR,"balena-etcher","Flash OS images to SD cards & USB drives, safely and easily"
AUR,"bashmount","Tool to mount and unmount removable media from the command-line."
AUR,"battop","Interactive batteries viewer"
AUR,"birdtray","Run Thunderbird with a system tray icon."
AUR,"brother-dcp9055cdn","Brother CUPS and LPD driver for DCP-9055CDN"
AUR,"browsh","A fully-modern text-based browser, rendering to TTY and browsers"
AUR,"brscan-skey","Brother scan-key-tool"
AUR,"brscan4","SANE drivers from Brother for compatible models"
AUR,"calcure","Modern TUI calendar and task manager"
AUR,"cronic","Cronic is a shell script to help control the most annoying feature of cron: unwanted emailed output."
AUR,"eclipse-platform","A minimal installation suitable for complete per-user customization with the built-in Eclipse package manager"
AUR,"google-chrome","The popular web browser by Google (Stable Channel)"
AUR,"gromit-mpx","On-screen annotation tool"
AUR,"informant","An Arch Linux News reader and pacman hook"
AUR,"input-remapper-git","A tool to change and program the mapping of your input device buttons."
AUR,"jamesdsp","An audio effect processor for PipeWire clients"
AUR,"jmeter","Java application designed to load test functional behavior and measure performance"
AUR,"lf-git","lf is a terminal file manager written in Go"
AUR,"linphone-desktop","A free VoIP and video softphone based on the SIP protocol"
AUR,"mutt-wizard-git","Easily auto-configure neomutt and isync/mpop with safe passwords (IMAP/POP3/SMTP)"
AUR,"ngrok","A tunneling, reverse proxy for developing and understanding networked, HTTP services"
AUR,"openssl-1.0","The Open Source toolkit for Secure Sockets Layer and Transport Layer Security"
AUR,"passepartui","A TUI for pass"
AUR,"pharo-launcher","Pharo Launcher helps you manage your Pharo images"
AUR,"php56-cgi","CGI and FCGI SAPI for php56"
AUR,"php84-cgi","CGI and FCGI SAPI for php84"
AUR,"pkglog","Reports log of package updates"
AUR,"proton-pass-bin","Open-source password manager for effortless protection. Securely store, share and auto-login your accounts with Proton Pass, using end-to-end encryption trusted by millions."
AUR,"protonvpn-cli","Official Legacy ProtonVPN Command Line Interface, used to be maintained by the ProtonVPN team."
AUR,"pyradio","Internet radio player for the command line"
AUR,"qdirstat","Qt-based directory statistics (KDirStat/K4DirStat without any KDE - from the original KDirStat author)"
AUR,"qrcp-git","Transfer files over wifi from your computer to your mobile device by scanning a QR code without leaving the terminal."
AUR,"spotify","A proprietary music streaming service"
AUR,"swayr","Swayr is a window switcher (and more) for sway"
AUR,"swtchr","Gnome-style window switcher for the Sway window manager"
AUR,"tmuxinator","Manage complex tmux sessions easily"
AUR,"ttf-google-fonts-git","TrueType fonts from the Google Fonts project (git version)"
AUR,"vdhcoapp","Companion application for Video DownloadHelper browser add-on"
AUR,"walk","Terminal file manager"
AUR,"wayclip","Wayland clipboard utility"
AUR,"wdisplays","GUI display configurator for wlroots compositors"
AUR,"wlrctl","Utility for miscellaneous wlroots extensions"
AUR,"wlvncc-git","Wayland native VNC client"
AUR,"xdg-terminal-exec-git","Proposed standard to launching desktop apps with Terminal=true"
AUR,"xsane","A GTK-based X11 frontend for SANE and plugin for Gimp."
AUR,"yay-bin","Yet another yogurt. Pacman wrapper and AUR helper written in go. Pre-compiled."
AUR,"zipwalk","A cli tool to parse damaged zip files"
AUR,"zsh-fast-syntax-highlighting","Optimized and extended zsh-syntax-highlighting"
